"doi";"type";"source_2";"source_1";"mismatched"
"10.1101/2022.03.27.22271628";"approp";"4";"1";TRUE
"10.1101/2022.03.27.22271628";"bar";"0";"0";FALSE
"10.1101/2022.03.27.22271628";"bardot";"0";"0";FALSE
"10.1101/2022.03.27.22271628";"box";"0";"1";TRUE
"10.1101/2022.03.27.22271628";"dot";"0";"0";FALSE
"10.1101/2022.03.27.22271628";"flowno";"0";"0";FALSE
"10.1101/2022.03.27.22271628";"flowyes";"0";"0";FALSE
"10.1101/2022.03.27.22271628";"hist";"0";"1";TRUE
"10.1101/2022.03.27.22271628";"pie";"0";"0";FALSE
"10.1101/2022.03.27.22271628";"violin";"1";"0";TRUE
"10.1101/2022.03.29.22273148";"approp";"2";"2";FALSE
"10.1101/2022.03.29.22273148";"bar";"0";"0";FALSE
"10.1101/2022.03.29.22273148";"bardot";"0";"0";FALSE
"10.1101/2022.03.29.22273148";"box";"0";"0";FALSE
"10.1101/2022.03.29.22273148";"dot";"0";"0";FALSE
"10.1101/2022.03.29.22273148";"flowno";"0";"0";FALSE
"10.1101/2022.03.29.22273148";"flowyes";"0";"0";FALSE
"10.1101/2022.03.29.22273148";"hist";"1";"2";TRUE
"10.1101/2022.03.29.22273148";"pie";"0";"0";FALSE
"10.1101/2022.03.29.22273148";"violin";"0";"0";FALSE
"10.1101/2022.03.31.22273239";"approp";"1";"0";TRUE
"10.1101/2022.03.31.22273239";"bar";"0";"0";FALSE
"10.1101/2022.03.31.22273239";"bardot";"0";"0";FALSE
"10.1101/2022.03.31.22273239";"box";"0";"0";FALSE
"10.1101/2022.03.31.22273239";"dot";"0";"0";FALSE
"10.1101/2022.03.31.22273239";"flowno";"0";"0";FALSE
"10.1101/2022.03.31.22273239";"flowyes";"0";"0";FALSE
"10.1101/2022.03.31.22273239";"hist";"0";"0";FALSE
"10.1101/2022.03.31.22273239";"pie";"0";"0";FALSE
"10.1101/2022.03.31.22273239";"violin";"0";"0";FALSE
"10.1101/2022.04.04.22273320";"approp";"0";"0";FALSE
"10.1101/2022.04.04.22273320";"bar";"0";"0";FALSE
"10.1101/2022.04.04.22273320";"bardot";"0";"0";FALSE
"10.1101/2022.04.04.22273320";"box";"1";"0";TRUE
"10.1101/2022.04.04.22273320";"dot";"1";"0";TRUE
"10.1101/2022.04.04.22273320";"flowno";"0";"0";FALSE
"10.1101/2022.04.04.22273320";"flowyes";"0";"0";FALSE
"10.1101/2022.04.04.22273320";"hist";"0";"0";FALSE
"10.1101/2022.04.04.22273320";"pie";"0";"0";FALSE
"10.1101/2022.04.04.22273320";"violin";"0";"0";FALSE
"10.1101/2022.04.04.22273361";"approp";"0";"0";FALSE
"10.1101/2022.04.04.22273361";"bar";"0";"1";TRUE
"10.1101/2022.04.04.22273361";"bardot";"0";"0";FALSE
"10.1101/2022.04.04.22273361";"box";"0";"0";FALSE
"10.1101/2022.04.04.22273361";"dot";"0";"0";FALSE
"10.1101/2022.04.04.22273361";"flowno";"0";"0";FALSE
"10.1101/2022.04.04.22273361";"flowyes";"0";"0";FALSE
"10.1101/2022.04.04.22273361";"hist";"1";"0";TRUE
"10.1101/2022.04.04.22273361";"pie";"0";"0";FALSE
"10.1101/2022.04.04.22273361";"violin";"0";"0";FALSE
"10.1101/2022.04.04.22273429";"approp";"0";"2";TRUE
"10.1101/2022.04.04.22273429";"bar";"0";"0";FALSE
"10.1101/2022.04.04.22273429";"bardot";"0";"0";FALSE
"10.1101/2022.04.04.22273429";"box";"2";"1";TRUE
"10.1101/2022.04.04.22273429";"dot";"0";"0";FALSE
"10.1101/2022.04.04.22273429";"flowno";"0";"0";FALSE
"10.1101/2022.04.04.22273429";"flowyes";"0";"0";FALSE
"10.1101/2022.04.04.22273429";"hist";"1";"1";FALSE
"10.1101/2022.04.04.22273429";"pie";"0";"0";FALSE
"10.1101/2022.04.04.22273429";"violin";"0";"0";FALSE
"10.1101/2022.04.04.486920";"approp";"1";"0";TRUE
"10.1101/2022.04.04.486920";"bar";"5";"5";FALSE
"10.1101/2022.04.04.486920";"bardot";"0";"0";FALSE
"10.1101/2022.04.04.486920";"box";"0";"0";FALSE
"10.1101/2022.04.04.486920";"dot";"0";"0";FALSE
"10.1101/2022.04.04.486920";"flowno";"0";"0";FALSE
"10.1101/2022.04.04.486920";"flowyes";"0";"0";FALSE
"10.1101/2022.04.04.486920";"hist";"0";"0";FALSE
"10.1101/2022.04.04.486920";"pie";"0";"0";FALSE
"10.1101/2022.04.04.486920";"violin";"0";"0";FALSE
"10.1101/2022.04.05.22272397";"approp";"0";"0";FALSE
"10.1101/2022.04.05.22272397";"bar";"0";"0";FALSE
"10.1101/2022.04.05.22272397";"bardot";"0";"0";FALSE
"10.1101/2022.04.05.22272397";"box";"0";"0";FALSE
"10.1101/2022.04.05.22272397";"dot";"0";"0";FALSE
"10.1101/2022.04.05.22272397";"flowno";"0";"0";FALSE
"10.1101/2022.04.05.22272397";"flowyes";"1";"0";TRUE
"10.1101/2022.04.05.22272397";"hist";"0";"0";FALSE
"10.1101/2022.04.05.22272397";"pie";"0";"0";FALSE
"10.1101/2022.04.05.22272397";"violin";"0";"0";FALSE
"10.1101/2022.04.06.22273514";"approp";"0";"0";FALSE
"10.1101/2022.04.06.22273514";"bar";"0";"0";FALSE
"10.1101/2022.04.06.22273514";"bardot";"0";"0";FALSE
"10.1101/2022.04.06.22273514";"box";"0";"0";FALSE
"10.1101/2022.04.06.22273514";"dot";"0";"0";FALSE
"10.1101/2022.04.06.22273514";"flowno";"0";"0";FALSE
"10.1101/2022.04.06.22273514";"flowyes";"2";"1";TRUE
"10.1101/2022.04.06.22273514";"hist";"0";"0";FALSE
"10.1101/2022.04.06.22273514";"pie";"0";"0";FALSE
"10.1101/2022.04.06.22273514";"violin";"0";"0";FALSE
"10.1101/2022.04.06.22273535";"approp";"1";"0";TRUE
"10.1101/2022.04.06.22273535";"bar";"1";"0";TRUE
"10.1101/2022.04.06.22273535";"bardot";"0";"0";FALSE
"10.1101/2022.04.06.22273535";"box";"0";"0";FALSE
"10.1101/2022.04.06.22273535";"dot";"0";"0";FALSE
"10.1101/2022.04.06.22273535";"flowno";"0";"0";FALSE
"10.1101/2022.04.06.22273535";"flowyes";"0";"0";FALSE
"10.1101/2022.04.06.22273535";"hist";"0";"0";FALSE
"10.1101/2022.04.06.22273535";"pie";"0";"0";FALSE
"10.1101/2022.04.06.22273535";"violin";"0";"0";FALSE
"10.1101/2022.04.06.487394";"approp";"0";"0";FALSE
"10.1101/2022.04.06.487394";"bar";"0";"0";FALSE
"10.1101/2022.04.06.487394";"bardot";"7";"6";TRUE
"10.1101/2022.04.06.487394";"box";"0";"1";TRUE
"10.1101/2022.04.06.487394";"dot";"3";"1";TRUE
"10.1101/2022.04.06.487394";"flowno";"0";"0";FALSE
"10.1101/2022.04.06.487394";"flowyes";"0";"0";FALSE
"10.1101/2022.04.06.487394";"hist";"0";"0";FALSE
"10.1101/2022.04.06.487394";"pie";"0";"0";FALSE
"10.1101/2022.04.06.487394";"violin";"0";"0";FALSE
"10.1101/2022.04.07.22273593";"approp";"0";"0";FALSE
"10.1101/2022.04.07.22273593";"bar";"0";"0";FALSE
"10.1101/2022.04.07.22273593";"bardot";"0";"0";FALSE
"10.1101/2022.04.07.22273593";"box";"0";"0";FALSE
"10.1101/2022.04.07.22273593";"dot";"2";"0";TRUE
"10.1101/2022.04.07.22273593";"flowno";"0";"0";FALSE
"10.1101/2022.04.07.22273593";"flowyes";"0";"0";FALSE
"10.1101/2022.04.07.22273593";"hist";"0";"0";FALSE
"10.1101/2022.04.07.22273593";"pie";"0";"0";FALSE
"10.1101/2022.04.07.22273593";"violin";"2";"0";TRUE
"10.1101/2022.04.07.487460";"approp";"3";"0";TRUE
"10.1101/2022.04.07.487460";"bar";"0";"0";FALSE
"10.1101/2022.04.07.487460";"bardot";"0";"0";FALSE
"10.1101/2022.04.07.487460";"box";"1";"8";TRUE
"10.1101/2022.04.07.487460";"dot";"1";"5";TRUE
"10.1101/2022.04.07.487460";"flowno";"0";"3";TRUE
"10.1101/2022.04.07.487460";"flowyes";"0";"0";FALSE
"10.1101/2022.04.07.487460";"hist";"0";"0";FALSE
"10.1101/2022.04.07.487460";"pie";"0";"0";FALSE
"10.1101/2022.04.07.487460";"violin";"0";"0";FALSE
"10.1101/2022.04.08.22273602";"approp";"0";"0";FALSE
"10.1101/2022.04.08.22273602";"bar";"0";"0";FALSE
"10.1101/2022.04.08.22273602";"bardot";"0";"0";FALSE
"10.1101/2022.04.08.22273602";"box";"0";"0";FALSE
"10.1101/2022.04.08.22273602";"dot";"1";"0";TRUE
"10.1101/2022.04.08.22273602";"flowno";"0";"0";FALSE
"10.1101/2022.04.08.22273602";"flowyes";"1";"0";TRUE
"10.1101/2022.04.08.22273602";"hist";"0";"0";FALSE
"10.1101/2022.04.08.22273602";"pie";"0";"0";FALSE
"10.1101/2022.04.08.22273602";"violin";"1";"0";TRUE
"10.1101/2022.04.08.22273605";"approp";"0";"0";FALSE
"10.1101/2022.04.08.22273605";"bar";"0";"0";FALSE
"10.1101/2022.04.08.22273605";"bardot";"0";"0";FALSE
"10.1101/2022.04.08.22273605";"box";"0";"0";FALSE
"10.1101/2022.04.08.22273605";"dot";"0";"0";FALSE
"10.1101/2022.04.08.22273605";"flowno";"0";"0";FALSE
"10.1101/2022.04.08.22273605";"flowyes";"0";"0";FALSE
"10.1101/2022.04.08.22273605";"hist";"0";"0";FALSE
"10.1101/2022.04.08.22273605";"pie";"0";"0";FALSE
"10.1101/2022.04.08.22273605";"violin";"5";"3";TRUE
"10.1101/2022.04.11.22272784";"approp";"0";"0";FALSE
"10.1101/2022.04.11.22272784";"bar";"0";"0";FALSE
"10.1101/2022.04.11.22272784";"bardot";"0";"0";FALSE
"10.1101/2022.04.11.22272784";"box";"0";"0";FALSE
"10.1101/2022.04.11.22272784";"dot";"1";"1";FALSE
"10.1101/2022.04.11.22272784";"flowno";"0";"1";TRUE
"10.1101/2022.04.11.22272784";"flowyes";"0";"0";FALSE
"10.1101/2022.04.11.22272784";"hist";"0";"0";FALSE
"10.1101/2022.04.11.22272784";"pie";"0";"0";FALSE
"10.1101/2022.04.11.22272784";"violin";"0";"0";FALSE
"10.1101/2022.04.11.22273709";"approp";"0";"0";FALSE
"10.1101/2022.04.11.22273709";"bar";"0";"0";FALSE
"10.1101/2022.04.11.22273709";"bardot";"0";"0";FALSE
"10.1101/2022.04.11.22273709";"box";"1";"0";TRUE
"10.1101/2022.04.11.22273709";"dot";"0";"0";FALSE
"10.1101/2022.04.11.22273709";"flowno";"0";"0";FALSE
"10.1101/2022.04.11.22273709";"flowyes";"1";"0";TRUE
"10.1101/2022.04.11.22273709";"hist";"0";"0";FALSE
"10.1101/2022.04.11.22273709";"pie";"0";"0";FALSE
"10.1101/2022.04.11.22273709";"violin";"0";"0";FALSE
"10.1101/2022.04.11.487828";"approp";"0";"0";FALSE
"10.1101/2022.04.11.487828";"bar";"1";"1";FALSE
"10.1101/2022.04.11.487828";"bardot";"0";"1";TRUE
"10.1101/2022.04.11.487828";"box";"0";"0";FALSE
"10.1101/2022.04.11.487828";"dot";"0";"0";FALSE
"10.1101/2022.04.11.487828";"flowno";"0";"0";FALSE
"10.1101/2022.04.11.487828";"flowyes";"0";"0";FALSE
"10.1101/2022.04.11.487828";"hist";"0";"0";FALSE
"10.1101/2022.04.11.487828";"pie";"0";"0";FALSE
"10.1101/2022.04.11.487828";"violin";"0";"0";FALSE
"10.1101/2022.04.12.22273804";"approp";"0";"0";FALSE
"10.1101/2022.04.12.22273804";"bar";"0";"0";FALSE
"10.1101/2022.04.12.22273804";"bardot";"0";"0";FALSE
"10.1101/2022.04.12.22273804";"box";"0";"0";FALSE
"10.1101/2022.04.12.22273804";"dot";"0";"0";FALSE
"10.1101/2022.04.12.22273804";"flowno";"0";"0";FALSE
"10.1101/2022.04.12.22273804";"flowyes";"0";"0";FALSE
"10.1101/2022.04.12.22273804";"hist";"0";"13";TRUE
"10.1101/2022.04.12.22273804";"pie";"0";"0";FALSE
"10.1101/2022.04.12.22273804";"violin";"0";"0";FALSE
"10.1101/2022.04.12.488010";"approp";"6";"5";TRUE
"10.1101/2022.04.12.488010";"bar";"2";"1";TRUE
"10.1101/2022.04.12.488010";"bardot";"1";"1";FALSE
"10.1101/2022.04.12.488010";"box";"2";"2";FALSE
"10.1101/2022.04.12.488010";"dot";"2";"0";TRUE
"10.1101/2022.04.12.488010";"flowno";"0";"0";FALSE
"10.1101/2022.04.12.488010";"flowyes";"0";"1";TRUE
"10.1101/2022.04.12.488010";"hist";"0";"0";FALSE
"10.1101/2022.04.12.488010";"pie";"0";"0";FALSE
"10.1101/2022.04.12.488010";"violin";"0";"0";FALSE
"10.1101/2022.04.13.22273832";"approp";"2";"1";TRUE
"10.1101/2022.04.13.22273832";"bar";"0";"0";FALSE
"10.1101/2022.04.13.22273832";"bardot";"0";"0";FALSE
"10.1101/2022.04.13.22273832";"box";"0";"0";FALSE
"10.1101/2022.04.13.22273832";"dot";"0";"0";FALSE
"10.1101/2022.04.13.22273832";"flowno";"0";"0";FALSE
"10.1101/2022.04.13.22273832";"flowyes";"0";"0";FALSE
"10.1101/2022.04.13.22273832";"hist";"0";"0";FALSE
"10.1101/2022.04.13.22273832";"pie";"0";"0";FALSE
"10.1101/2022.04.13.22273832";"violin";"0";"0";FALSE
"10.1101/2022.04.13.488236";"approp";"0";"0";FALSE
"10.1101/2022.04.13.488236";"bar";"0";"0";FALSE
"10.1101/2022.04.13.488236";"bardot";"2";"0";TRUE
"10.1101/2022.04.13.488236";"box";"0";"0";FALSE
"10.1101/2022.04.13.488236";"dot";"0";"0";FALSE
"10.1101/2022.04.13.488236";"flowno";"0";"0";FALSE
"10.1101/2022.04.13.488236";"flowyes";"0";"0";FALSE
"10.1101/2022.04.13.488236";"hist";"0";"0";FALSE
"10.1101/2022.04.13.488236";"pie";"0";"0";FALSE
"10.1101/2022.04.13.488236";"violin";"0";"0";FALSE
"10.1101/2022.04.13.488249";"approp";"2";"3";TRUE
"10.1101/2022.04.13.488249";"bar";"0";"0";FALSE
"10.1101/2022.04.13.488249";"bardot";"0";"0";FALSE
"10.1101/2022.04.13.488249";"box";"0";"0";FALSE
"10.1101/2022.04.13.488249";"dot";"0";"0";FALSE
"10.1101/2022.04.13.488249";"flowno";"0";"0";FALSE
"10.1101/2022.04.13.488249";"flowyes";"0";"0";FALSE
"10.1101/2022.04.13.488249";"hist";"0";"0";FALSE
"10.1101/2022.04.13.488249";"pie";"0";"0";FALSE
"10.1101/2022.04.13.488249";"violin";"0";"0";FALSE
"10.1101/2022.04.14.22273858";"approp";"0";"0";FALSE
"10.1101/2022.04.14.22273858";"bar";"0";"0";FALSE
"10.1101/2022.04.14.22273858";"bardot";"0";"0";FALSE
"10.1101/2022.04.14.22273858";"box";"0";"0";FALSE
"10.1101/2022.04.14.22273858";"dot";"0";"0";FALSE
"10.1101/2022.04.14.22273858";"flowno";"0";"0";FALSE
"10.1101/2022.04.14.22273858";"flowyes";"1";"0";TRUE
"10.1101/2022.04.14.22273858";"hist";"0";"0";FALSE
"10.1101/2022.04.14.22273858";"pie";"0";"0";FALSE
"10.1101/2022.04.14.22273858";"violin";"0";"0";FALSE
"10.1101/2022.04.14.22273860";"approp";"2";"0";TRUE
"10.1101/2022.04.14.22273860";"bar";"0";"0";FALSE
"10.1101/2022.04.14.22273860";"bardot";"0";"0";FALSE
"10.1101/2022.04.14.22273860";"box";"0";"0";FALSE
"10.1101/2022.04.14.22273860";"dot";"2";"0";TRUE
"10.1101/2022.04.14.22273860";"flowno";"0";"0";FALSE
"10.1101/2022.04.14.22273860";"flowyes";"0";"0";FALSE
"10.1101/2022.04.14.22273860";"hist";"0";"0";FALSE
"10.1101/2022.04.14.22273860";"pie";"0";"0";FALSE
"10.1101/2022.04.14.22273860";"violin";"3";"0";TRUE
"10.1101/2022.04.14.22273903";"approp";"3";"2";TRUE
"10.1101/2022.04.14.22273903";"bar";"0";"0";FALSE
"10.1101/2022.04.14.22273903";"bardot";"0";"0";FALSE
"10.1101/2022.04.14.22273903";"box";"0";"0";FALSE
"10.1101/2022.04.14.22273903";"dot";"0";"1";TRUE
"10.1101/2022.04.14.22273903";"flowno";"0";"0";FALSE
"10.1101/2022.04.14.22273903";"flowyes";"1";"1";FALSE
"10.1101/2022.04.14.22273903";"hist";"1";"0";TRUE
"10.1101/2022.04.14.22273903";"pie";"0";"0";FALSE
"10.1101/2022.04.14.22273903";"violin";"0";"0";FALSE
"10.1101/2022.04.18.22273967";"approp";"0";"0";FALSE
"10.1101/2022.04.18.22273967";"bar";"0";"0";FALSE
"10.1101/2022.04.18.22273967";"bardot";"0";"0";FALSE
"10.1101/2022.04.18.22273967";"box";"0";"0";FALSE
"10.1101/2022.04.18.22273967";"dot";"5";"0";TRUE
"10.1101/2022.04.18.22273967";"flowno";"0";"0";FALSE
"10.1101/2022.04.18.22273967";"flowyes";"0";"0";FALSE
"10.1101/2022.04.18.22273967";"hist";"0";"0";FALSE
"10.1101/2022.04.18.22273967";"pie";"0";"0";FALSE
"10.1101/2022.04.18.22273967";"violin";"0";"0";FALSE
"10.1101/2022.04.18.488633";"approp";"1";"1";FALSE
"10.1101/2022.04.18.488633";"bar";"0";"0";FALSE
"10.1101/2022.04.18.488633";"bardot";"0";"0";FALSE
"10.1101/2022.04.18.488633";"box";"0";"1";TRUE
"10.1101/2022.04.18.488633";"dot";"0";"1";TRUE
"10.1101/2022.04.18.488633";"flowno";"0";"0";FALSE
"10.1101/2022.04.18.488633";"flowyes";"0";"0";FALSE
"10.1101/2022.04.18.488633";"hist";"0";"0";FALSE
"10.1101/2022.04.18.488633";"pie";"0";"0";FALSE
"10.1101/2022.04.18.488633";"violin";"0";"0";FALSE
"10.1101/2022.04.18.488682";"approp";"2";"2";FALSE
"10.1101/2022.04.18.488682";"bar";"0";"0";FALSE
"10.1101/2022.04.18.488682";"bardot";"0";"0";FALSE
"10.1101/2022.04.18.488682";"box";"1";"0";TRUE
"10.1101/2022.04.18.488682";"dot";"0";"0";FALSE
"10.1101/2022.04.18.488682";"flowno";"0";"0";FALSE
"10.1101/2022.04.18.488682";"flowyes";"0";"0";FALSE
"10.1101/2022.04.18.488682";"hist";"0";"0";FALSE
"10.1101/2022.04.18.488682";"pie";"0";"0";FALSE
"10.1101/2022.04.18.488682";"violin";"0";"0";FALSE
"10.1101/2022.04.19.488067";"approp";"0";"0";FALSE
"10.1101/2022.04.19.488067";"bar";"0";"0";FALSE
"10.1101/2022.04.19.488067";"bardot";"0";"0";FALSE
"10.1101/2022.04.19.488067";"box";"0";"0";FALSE
"10.1101/2022.04.19.488067";"dot";"0";"0";FALSE
"10.1101/2022.04.19.488067";"flowno";"0";"1";TRUE
"10.1101/2022.04.19.488067";"flowyes";"0";"0";FALSE
"10.1101/2022.04.19.488067";"hist";"0";"0";FALSE
"10.1101/2022.04.19.488067";"pie";"0";"0";FALSE
"10.1101/2022.04.19.488067";"violin";"0";"0";FALSE
"10.1101/2022.04.19.488843";"approp";"1";"0";TRUE
"10.1101/2022.04.19.488843";"bar";"2";"0";TRUE
"10.1101/2022.04.19.488843";"bardot";"0";"0";FALSE
"10.1101/2022.04.19.488843";"box";"0";"0";FALSE
"10.1101/2022.04.19.488843";"dot";"0";"0";FALSE
"10.1101/2022.04.19.488843";"flowno";"0";"0";FALSE
"10.1101/2022.04.19.488843";"flowyes";"0";"0";FALSE
"10.1101/2022.04.19.488843";"hist";"0";"0";FALSE
"10.1101/2022.04.19.488843";"pie";"0";"0";FALSE
"10.1101/2022.04.19.488843";"violin";"0";"0";FALSE
"10.1101/2022.04.20.485440";"approp";"0";"0";FALSE
"10.1101/2022.04.20.485440";"bar";"0";"0";FALSE
"10.1101/2022.04.20.485440";"bardot";"1";"2";TRUE
"10.1101/2022.04.20.485440";"box";"0";"0";FALSE
"10.1101/2022.04.20.485440";"dot";"0";"0";FALSE
"10.1101/2022.04.20.485440";"flowno";"0";"0";FALSE
"10.1101/2022.04.20.485440";"flowyes";"0";"0";FALSE
"10.1101/2022.04.20.485440";"hist";"0";"0";FALSE
"10.1101/2022.04.20.485440";"pie";"0";"0";FALSE
"10.1101/2022.04.20.485440";"violin";"0";"0";FALSE
"10.1101/2022.04.21.22273952";"approp";"0";"0";FALSE
"10.1101/2022.04.21.22273952";"bar";"0";"0";FALSE
"10.1101/2022.04.21.22273952";"bardot";"0";"0";FALSE
"10.1101/2022.04.21.22273952";"box";"0";"0";FALSE
"10.1101/2022.04.21.22273952";"dot";"0";"0";FALSE
"10.1101/2022.04.21.22273952";"flowno";"0";"0";FALSE
"10.1101/2022.04.21.22273952";"flowyes";"0";"0";FALSE
"10.1101/2022.04.21.22273952";"hist";"0";"0";FALSE
"10.1101/2022.04.21.22273952";"pie";"0";"1";TRUE
"10.1101/2022.04.21.22273952";"violin";"1";"0";TRUE
"10.1101/2022.04.21.22274110";"approp";"1";"0";TRUE
"10.1101/2022.04.21.22274110";"bar";"0";"0";FALSE
"10.1101/2022.04.21.22274110";"bardot";"0";"0";FALSE
"10.1101/2022.04.21.22274110";"box";"0";"0";FALSE
"10.1101/2022.04.21.22274110";"dot";"1";"0";TRUE
"10.1101/2022.04.21.22274110";"flowno";"0";"0";FALSE
"10.1101/2022.04.21.22274110";"flowyes";"0";"0";FALSE
"10.1101/2022.04.21.22274110";"hist";"1";"0";TRUE
"10.1101/2022.04.21.22274110";"pie";"0";"0";FALSE
"10.1101/2022.04.21.22274110";"violin";"0";"0";FALSE
"10.1101/2022.04.21.22274150";"approp";"3";"3";FALSE
"10.1101/2022.04.21.22274150";"bar";"0";"0";FALSE
"10.1101/2022.04.21.22274150";"bardot";"0";"0";FALSE
"10.1101/2022.04.21.22274150";"box";"0";"0";FALSE
"10.1101/2022.04.21.22274150";"dot";"0";"0";FALSE
"10.1101/2022.04.21.22274150";"flowno";"0";"1";TRUE
"10.1101/2022.04.21.22274150";"flowyes";"0";"0";FALSE
"10.1101/2022.04.21.22274150";"hist";"1";"0";TRUE
"10.1101/2022.04.21.22274150";"pie";"0";"0";FALSE
"10.1101/2022.04.21.22274150";"violin";"0";"0";FALSE
"10.1101/2022.04.22.22273686";"approp";"0";"0";FALSE
"10.1101/2022.04.22.22273686";"bar";"0";"0";FALSE
"10.1101/2022.04.22.22273686";"bardot";"0";"0";FALSE
"10.1101/2022.04.22.22273686";"box";"0";"0";FALSE
"10.1101/2022.04.22.22273686";"dot";"1";"0";TRUE
"10.1101/2022.04.22.22273686";"flowno";"0";"0";FALSE
"10.1101/2022.04.22.22273686";"flowyes";"0";"0";FALSE
"10.1101/2022.04.22.22273686";"hist";"0";"0";FALSE
"10.1101/2022.04.22.22273686";"pie";"0";"0";FALSE
"10.1101/2022.04.22.22273686";"violin";"0";"0";FALSE
"10.1101/2022.04.22.22274176";"approp";"1";"0";TRUE
"10.1101/2022.04.22.22274176";"bar";"0";"0";FALSE
"10.1101/2022.04.22.22274176";"bardot";"0";"0";FALSE
"10.1101/2022.04.22.22274176";"box";"0";"0";FALSE
"10.1101/2022.04.22.22274176";"dot";"0";"0";FALSE
"10.1101/2022.04.22.22274176";"flowno";"0";"0";FALSE
"10.1101/2022.04.22.22274176";"flowyes";"0";"0";FALSE
"10.1101/2022.04.22.22274176";"hist";"0";"0";FALSE
"10.1101/2022.04.22.22274176";"pie";"0";"0";FALSE
"10.1101/2022.04.22.22274176";"violin";"0";"0";FALSE
"10.1101/2022.04.24.489298";"approp";"0";"0";FALSE
"10.1101/2022.04.24.489298";"bar";"0";"0";FALSE
"10.1101/2022.04.24.489298";"bardot";"0";"0";FALSE
"10.1101/2022.04.24.489298";"box";"0";"0";FALSE
"10.1101/2022.04.24.489298";"dot";"4";"1";TRUE
"10.1101/2022.04.24.489298";"flowno";"0";"0";FALSE
"10.1101/2022.04.24.489298";"flowyes";"0";"0";FALSE
"10.1101/2022.04.24.489298";"hist";"0";"0";FALSE
"10.1101/2022.04.24.489298";"pie";"0";"0";FALSE
"10.1101/2022.04.24.489298";"violin";"0";"0";FALSE
"10.1101/2022.04.25.22274187";"approp";"1";"0";TRUE
"10.1101/2022.04.25.22274187";"bar";"0";"0";FALSE
"10.1101/2022.04.25.22274187";"bardot";"0";"0";FALSE
"10.1101/2022.04.25.22274187";"box";"0";"0";FALSE
"10.1101/2022.04.25.22274187";"dot";"0";"0";FALSE
"10.1101/2022.04.25.22274187";"flowno";"0";"0";FALSE
"10.1101/2022.04.25.22274187";"flowyes";"0";"0";FALSE
"10.1101/2022.04.25.22274187";"hist";"0";"0";FALSE
"10.1101/2022.04.25.22274187";"pie";"0";"0";FALSE
"10.1101/2022.04.25.22274187";"violin";"0";"0";FALSE
"10.1101/2022.04.25.22274283";"approp";"0";"0";FALSE
"10.1101/2022.04.25.22274283";"bar";"0";"0";FALSE
"10.1101/2022.04.25.22274283";"bardot";"0";"0";FALSE
"10.1101/2022.04.25.22274283";"box";"0";"0";FALSE
"10.1101/2022.04.25.22274283";"dot";"0";"0";FALSE
"10.1101/2022.04.25.22274283";"flowno";"0";"0";FALSE
"10.1101/2022.04.25.22274283";"flowyes";"2";"1";TRUE
"10.1101/2022.04.25.22274283";"hist";"0";"0";FALSE
"10.1101/2022.04.25.22274283";"pie";"0";"0";FALSE
"10.1101/2022.04.25.22274283";"violin";"0";"0";FALSE
"10.1101/2022.04.27.489750";"approp";"1";"2";TRUE
"10.1101/2022.04.27.489750";"bar";"0";"0";FALSE
"10.1101/2022.04.27.489750";"bardot";"0";"0";FALSE
"10.1101/2022.04.27.489750";"box";"0";"0";FALSE
"10.1101/2022.04.27.489750";"dot";"0";"0";FALSE
"10.1101/2022.04.27.489750";"flowno";"1";"0";TRUE
"10.1101/2022.04.27.489750";"flowyes";"0";"0";FALSE
"10.1101/2022.04.27.489750";"hist";"2";"2";FALSE
"10.1101/2022.04.27.489750";"pie";"0";"0";FALSE
"10.1101/2022.04.27.489750";"violin";"0";"0";FALSE
"10.1101/2022.04.28.22274442";"approp";"0";"0";FALSE
"10.1101/2022.04.28.22274442";"bar";"0";"0";FALSE
"10.1101/2022.04.28.22274442";"bardot";"0";"0";FALSE
"10.1101/2022.04.28.22274442";"box";"0";"0";FALSE
"10.1101/2022.04.28.22274442";"dot";"0";"0";FALSE
"10.1101/2022.04.28.22274442";"flowno";"0";"0";FALSE
"10.1101/2022.04.28.22274442";"flowyes";"0";"0";FALSE
"10.1101/2022.04.28.22274442";"hist";"0";"1";TRUE
"10.1101/2022.04.28.22274442";"pie";"0";"0";FALSE
"10.1101/2022.04.28.22274442";"violin";"0";"0";FALSE
"10.1101/2022.04.28.489859";"approp";"1";"1";FALSE
"10.1101/2022.04.28.489859";"bar";"5";"2";TRUE
"10.1101/2022.04.28.489859";"bardot";"0";"0";FALSE
"10.1101/2022.04.28.489859";"box";"0";"0";FALSE
"10.1101/2022.04.28.489859";"dot";"0";"0";FALSE
"10.1101/2022.04.28.489859";"flowno";"0";"0";FALSE
"10.1101/2022.04.28.489859";"flowyes";"0";"0";FALSE
"10.1101/2022.04.28.489859";"hist";"0";"0";FALSE
"10.1101/2022.04.28.489859";"pie";"0";"0";FALSE
"10.1101/2022.04.28.489859";"violin";"0";"0";FALSE
"10.1101/2022.04.29.22274486";"approp";"0";"0";FALSE
"10.1101/2022.04.29.22274486";"bar";"0";"0";FALSE
"10.1101/2022.04.29.22274486";"bardot";"0";"0";FALSE
"10.1101/2022.04.29.22274486";"box";"0";"0";FALSE
"10.1101/2022.04.29.22274486";"dot";"0";"1";TRUE
"10.1101/2022.04.29.22274486";"flowno";"0";"0";FALSE
"10.1101/2022.04.29.22274486";"flowyes";"0";"0";FALSE
"10.1101/2022.04.29.22274486";"hist";"0";"0";FALSE
"10.1101/2022.04.29.22274486";"pie";"0";"0";FALSE
"10.1101/2022.04.29.22274486";"violin";"0";"0";FALSE
"10.1101/2022.05.04.22274675";"approp";"2";"0";TRUE
"10.1101/2022.05.04.22274675";"bar";"0";"0";FALSE
"10.1101/2022.05.04.22274675";"bardot";"0";"0";FALSE
"10.1101/2022.05.04.22274675";"box";"0";"0";FALSE
"10.1101/2022.05.04.22274675";"dot";"0";"0";FALSE
"10.1101/2022.05.04.22274675";"flowno";"0";"0";FALSE
"10.1101/2022.05.04.22274675";"flowyes";"0";"0";FALSE
"10.1101/2022.05.04.22274675";"hist";"0";"0";FALSE
"10.1101/2022.05.04.22274675";"pie";"0";"0";FALSE
"10.1101/2022.05.04.22274675";"violin";"0";"0";FALSE
"10.1101/2022.05.05.22274628";"approp";"2";"0";TRUE
"10.1101/2022.05.05.22274628";"bar";"0";"0";FALSE
"10.1101/2022.05.05.22274628";"bardot";"0";"0";FALSE
"10.1101/2022.05.05.22274628";"box";"0";"0";FALSE
"10.1101/2022.05.05.22274628";"dot";"0";"0";FALSE
"10.1101/2022.05.05.22274628";"flowno";"2";"1";TRUE
"10.1101/2022.05.05.22274628";"flowyes";"0";"0";FALSE
"10.1101/2022.05.05.22274628";"hist";"0";"0";FALSE
"10.1101/2022.05.05.22274628";"pie";"0";"0";FALSE
"10.1101/2022.05.05.22274628";"violin";"0";"0";FALSE
"10.1101/2022.05.05.22274721";"approp";"0";"0";FALSE
"10.1101/2022.05.05.22274721";"bar";"0";"0";FALSE
"10.1101/2022.05.05.22274721";"bardot";"0";"0";FALSE
"10.1101/2022.05.05.22274721";"box";"0";"0";FALSE
"10.1101/2022.05.05.22274721";"dot";"0";"0";FALSE
"10.1101/2022.05.05.22274721";"flowno";"0";"0";FALSE
"10.1101/2022.05.05.22274721";"flowyes";"1";"0";TRUE
"10.1101/2022.05.05.22274721";"hist";"1";"1";FALSE
"10.1101/2022.05.05.22274721";"pie";"0";"0";FALSE
"10.1101/2022.05.05.22274721";"violin";"0";"0";FALSE
"10.1101/2022.05.05.490805";"approp";"1";"0";TRUE
"10.1101/2022.05.05.490805";"bar";"0";"1";TRUE
"10.1101/2022.05.05.490805";"bardot";"1";"0";TRUE
"10.1101/2022.05.05.490805";"box";"0";"0";FALSE
"10.1101/2022.05.05.490805";"dot";"0";"0";FALSE
"10.1101/2022.05.05.490805";"flowno";"0";"0";FALSE
"10.1101/2022.05.05.490805";"flowyes";"0";"0";FALSE
"10.1101/2022.05.05.490805";"hist";"0";"0";FALSE
"10.1101/2022.05.05.490805";"pie";"0";"0";FALSE
"10.1101/2022.05.05.490805";"violin";"0";"0";FALSE
"10.1101/2022.05.05.490815";"approp";"0";"0";FALSE
"10.1101/2022.05.05.490815";"bar";"0";"0";FALSE
"10.1101/2022.05.05.490815";"bardot";"0";"0";FALSE
"10.1101/2022.05.05.490815";"box";"0";"0";FALSE
"10.1101/2022.05.05.490815";"dot";"2";"1";TRUE
"10.1101/2022.05.05.490815";"flowno";"0";"0";FALSE
"10.1101/2022.05.05.490815";"flowyes";"0";"0";FALSE
"10.1101/2022.05.05.490815";"hist";"0";"0";FALSE
"10.1101/2022.05.05.490815";"pie";"0";"0";FALSE
"10.1101/2022.05.05.490815";"violin";"1";"0";TRUE
"10.1101/2022.05.06.22274771";"approp";"0";"0";FALSE
"10.1101/2022.05.06.22274771";"bar";"0";"0";FALSE
"10.1101/2022.05.06.22274771";"bardot";"0";"0";FALSE
"10.1101/2022.05.06.22274771";"box";"0";"2";TRUE
"10.1101/2022.05.06.22274771";"dot";"0";"0";FALSE
"10.1101/2022.05.06.22274771";"flowno";"0";"0";FALSE
"10.1101/2022.05.06.22274771";"flowyes";"2";"2";FALSE
"10.1101/2022.05.06.22274771";"hist";"0";"0";FALSE
"10.1101/2022.05.06.22274771";"pie";"0";"0";FALSE
"10.1101/2022.05.06.22274771";"violin";"0";"0";FALSE
"10.1101/2022.05.09.22274870";"approp";"0";"0";FALSE
"10.1101/2022.05.09.22274870";"bar";"0";"0";FALSE
"10.1101/2022.05.09.22274870";"bardot";"0";"0";FALSE
"10.1101/2022.05.09.22274870";"box";"1";"0";TRUE
"10.1101/2022.05.09.22274870";"dot";"0";"0";FALSE
"10.1101/2022.05.09.22274870";"flowno";"0";"0";FALSE
"10.1101/2022.05.09.22274870";"flowyes";"0";"0";FALSE
"10.1101/2022.05.09.22274870";"hist";"0";"0";FALSE
"10.1101/2022.05.09.22274870";"pie";"0";"0";FALSE
"10.1101/2022.05.09.22274870";"violin";"0";"0";FALSE
"10.1101/2022.05.09.491201";"approp";"3";"2";TRUE
"10.1101/2022.05.09.491201";"bar";"0";"0";FALSE
"10.1101/2022.05.09.491201";"bardot";"2";"1";TRUE
"10.1101/2022.05.09.491201";"box";"0";"0";FALSE
"10.1101/2022.05.09.491201";"dot";"7";"4";TRUE
"10.1101/2022.05.09.491201";"flowno";"0";"0";FALSE
"10.1101/2022.05.09.491201";"flowyes";"1";"0";TRUE
"10.1101/2022.05.09.491201";"hist";"0";"0";FALSE
"10.1101/2022.05.09.491201";"pie";"1";"1";FALSE
"10.1101/2022.05.09.491201";"violin";"2";"0";TRUE
"10.1101/2022.05.10.22274889";"approp";"0";"0";FALSE
"10.1101/2022.05.10.22274889";"bar";"0";"0";FALSE
"10.1101/2022.05.10.22274889";"bardot";"0";"0";FALSE
"10.1101/2022.05.10.22274889";"box";"0";"0";FALSE
"10.1101/2022.05.10.22274889";"dot";"1";"0";TRUE
"10.1101/2022.05.10.22274889";"flowno";"0";"0";FALSE
"10.1101/2022.05.10.22274889";"flowyes";"1";"1";FALSE
"10.1101/2022.05.10.22274889";"hist";"0";"0";FALSE
"10.1101/2022.05.10.22274889";"pie";"0";"0";FALSE
"10.1101/2022.05.10.22274889";"violin";"0";"0";FALSE
"10.1101/2022.05.10.490700";"approp";"0";"1";TRUE
"10.1101/2022.05.10.490700";"bar";"1";"0";TRUE
"10.1101/2022.05.10.490700";"bardot";"0";"0";FALSE
"10.1101/2022.05.10.490700";"box";"4";"4";FALSE
"10.1101/2022.05.10.490700";"dot";"2";"2";FALSE
"10.1101/2022.05.10.490700";"flowno";"0";"0";FALSE
"10.1101/2022.05.10.490700";"flowyes";"0";"0";FALSE
"10.1101/2022.05.10.490700";"hist";"0";"0";FALSE
"10.1101/2022.05.10.490700";"pie";"1";"1";FALSE
"10.1101/2022.05.10.490700";"violin";"0";"0";FALSE
"10.1101/2022.05.10.491349";"approp";"0";"0";FALSE
"10.1101/2022.05.10.491349";"bar";"0";"0";FALSE
"10.1101/2022.05.10.491349";"bardot";"0";"0";FALSE
"10.1101/2022.05.10.491349";"box";"0";"0";FALSE
"10.1101/2022.05.10.491349";"dot";"0";"0";FALSE
"10.1101/2022.05.10.491349";"flowno";"0";"0";FALSE
"10.1101/2022.05.10.491349";"flowyes";"0";"0";FALSE
"10.1101/2022.05.10.491349";"hist";"0";"1";TRUE
"10.1101/2022.05.10.491349";"pie";"0";"0";FALSE
"10.1101/2022.05.10.491349";"violin";"0";"0";FALSE
"10.1101/2022.05.11.22274884";"approp";"0";"0";FALSE
"10.1101/2022.05.11.22274884";"bar";"1";"0";TRUE
"10.1101/2022.05.11.22274884";"bardot";"0";"0";FALSE
"10.1101/2022.05.11.22274884";"box";"0";"0";FALSE
"10.1101/2022.05.11.22274884";"dot";"0";"0";FALSE
"10.1101/2022.05.11.22274884";"flowno";"0";"0";FALSE
"10.1101/2022.05.11.22274884";"flowyes";"0";"0";FALSE
"10.1101/2022.05.11.22274884";"hist";"0";"0";FALSE
"10.1101/2022.05.11.22274884";"pie";"0";"0";FALSE
"10.1101/2022.05.11.22274884";"violin";"0";"0";FALSE
"10.1101/2022.05.11.22274949";"approp";"0";"1";TRUE
"10.1101/2022.05.11.22274949";"bar";"0";"0";FALSE
"10.1101/2022.05.11.22274949";"bardot";"0";"0";FALSE
"10.1101/2022.05.11.22274949";"box";"0";"0";FALSE
"10.1101/2022.05.11.22274949";"dot";"0";"0";FALSE
"10.1101/2022.05.11.22274949";"flowno";"0";"0";FALSE
"10.1101/2022.05.11.22274949";"flowyes";"0";"0";FALSE
"10.1101/2022.05.11.22274949";"hist";"1";"0";TRUE
"10.1101/2022.05.11.22274949";"pie";"0";"0";FALSE
"10.1101/2022.05.11.22274949";"violin";"0";"0";FALSE
"10.1101/2022.05.12.22274973";"approp";"2";"0";TRUE
"10.1101/2022.05.12.22274973";"bar";"0";"0";FALSE
"10.1101/2022.05.12.22274973";"bardot";"0";"0";FALSE
"10.1101/2022.05.12.22274973";"box";"0";"0";FALSE
"10.1101/2022.05.12.22274973";"dot";"0";"0";FALSE
"10.1101/2022.05.12.22274973";"flowno";"0";"5";TRUE
"10.1101/2022.05.12.22274973";"flowyes";"0";"0";FALSE
"10.1101/2022.05.12.22274973";"hist";"0";"0";FALSE
"10.1101/2022.05.12.22274973";"pie";"0";"0";FALSE
"10.1101/2022.05.12.22274973";"violin";"0";"0";FALSE
"10.1101/2022.05.12.22274989";"approp";"1";"1";FALSE
"10.1101/2022.05.12.22274989";"bar";"0";"0";FALSE
"10.1101/2022.05.12.22274989";"bardot";"4";"8";TRUE
"10.1101/2022.05.12.22274989";"box";"0";"0";FALSE
"10.1101/2022.05.12.22274989";"dot";"0";"0";FALSE
"10.1101/2022.05.12.22274989";"flowno";"0";"0";FALSE
"10.1101/2022.05.12.22274989";"flowyes";"0";"0";FALSE
"10.1101/2022.05.12.22274989";"hist";"0";"0";FALSE
"10.1101/2022.05.12.22274989";"pie";"0";"0";FALSE
"10.1101/2022.05.12.22274989";"violin";"0";"0";FALSE
"10.1101/2022.05.12.491584";"approp";"0";"0";FALSE
"10.1101/2022.05.12.491584";"bar";"0";"0";FALSE
"10.1101/2022.05.12.491584";"bardot";"0";"0";FALSE
"10.1101/2022.05.12.491584";"box";"0";"0";FALSE
"10.1101/2022.05.12.491584";"dot";"2";"3";TRUE
"10.1101/2022.05.12.491584";"flowno";"0";"0";FALSE
"10.1101/2022.05.12.491584";"flowyes";"0";"0";FALSE
"10.1101/2022.05.12.491584";"hist";"0";"0";FALSE
"10.1101/2022.05.12.491584";"pie";"0";"0";FALSE
"10.1101/2022.05.12.491584";"violin";"0";"0";FALSE
"10.1101/2022.05.13.491770";"approp";"1";"0";TRUE
"10.1101/2022.05.13.491770";"bar";"0";"0";FALSE
"10.1101/2022.05.13.491770";"bardot";"0";"0";FALSE
"10.1101/2022.05.13.491770";"box";"0";"0";FALSE
"10.1101/2022.05.13.491770";"dot";"1";"0";TRUE
"10.1101/2022.05.13.491770";"flowno";"0";"0";FALSE
"10.1101/2022.05.13.491770";"flowyes";"0";"0";FALSE
"10.1101/2022.05.13.491770";"hist";"1";"0";TRUE
"10.1101/2022.05.13.491770";"pie";"1";"0";TRUE
"10.1101/2022.05.13.491770";"violin";"0";"0";FALSE
"10.1101/2022.05.13.491916";"approp";"0";"0";FALSE
"10.1101/2022.05.13.491916";"bar";"0";"0";FALSE
"10.1101/2022.05.13.491916";"bardot";"0";"0";FALSE
"10.1101/2022.05.13.491916";"box";"0";"0";FALSE
"10.1101/2022.05.13.491916";"dot";"3";"0";TRUE
"10.1101/2022.05.13.491916";"flowno";"0";"0";FALSE
"10.1101/2022.05.13.491916";"flowyes";"0";"0";FALSE
"10.1101/2022.05.13.491916";"hist";"0";"0";FALSE
"10.1101/2022.05.13.491916";"pie";"0";"0";FALSE
"10.1101/2022.05.13.491916";"violin";"0";"0";FALSE
"10.1101/2022.05.15.22275051";"approp";"0";"1";TRUE
"10.1101/2022.05.15.22275051";"bar";"0";"0";FALSE
"10.1101/2022.05.15.22275051";"bardot";"0";"0";FALSE
"10.1101/2022.05.15.22275051";"box";"0";"0";FALSE
"10.1101/2022.05.15.22275051";"dot";"0";"0";FALSE
"10.1101/2022.05.15.22275051";"flowno";"0";"0";FALSE
"10.1101/2022.05.15.22275051";"flowyes";"1";"2";TRUE
"10.1101/2022.05.15.22275051";"hist";"1";"0";TRUE
"10.1101/2022.05.15.22275051";"pie";"0";"0";FALSE
"10.1101/2022.05.15.22275051";"violin";"0";"0";FALSE
"10.1101/2022.05.15.22275071";"approp";"3";"2";TRUE
"10.1101/2022.05.15.22275071";"bar";"0";"0";FALSE
"10.1101/2022.05.15.22275071";"bardot";"0";"0";FALSE
"10.1101/2022.05.15.22275071";"box";"0";"0";FALSE
"10.1101/2022.05.15.22275071";"dot";"0";"0";FALSE
"10.1101/2022.05.15.22275071";"flowno";"0";"0";FALSE
"10.1101/2022.05.15.22275071";"flowyes";"0";"0";FALSE
"10.1101/2022.05.15.22275071";"hist";"0";"1";TRUE
"10.1101/2022.05.15.22275071";"pie";"0";"0";FALSE
"10.1101/2022.05.15.22275071";"violin";"0";"0";FALSE
"10.1101/2022.05.16.492062";"approp";"0";"0";FALSE
"10.1101/2022.05.16.492062";"bar";"0";"1";TRUE
"10.1101/2022.05.16.492062";"bardot";"0";"0";FALSE
"10.1101/2022.05.16.492062";"box";"1";"1";FALSE
"10.1101/2022.05.16.492062";"dot";"1";"1";FALSE
"10.1101/2022.05.16.492062";"flowno";"0";"0";FALSE
"10.1101/2022.05.16.492062";"flowyes";"0";"0";FALSE
"10.1101/2022.05.16.492062";"hist";"0";"0";FALSE
"10.1101/2022.05.16.492062";"pie";"0";"0";FALSE
"10.1101/2022.05.16.492062";"violin";"0";"0";FALSE
"10.1101/2022.05.16.492112";"approp";"0";"0";FALSE
"10.1101/2022.05.16.492112";"bar";"9";"1";TRUE
"10.1101/2022.05.16.492112";"bardot";"0";"0";FALSE
"10.1101/2022.05.16.492112";"box";"1";"0";TRUE
"10.1101/2022.05.16.492112";"dot";"0";"1";TRUE
"10.1101/2022.05.16.492112";"flowno";"0";"0";FALSE
"10.1101/2022.05.16.492112";"flowyes";"0";"0";FALSE
"10.1101/2022.05.16.492112";"hist";"0";"0";FALSE
"10.1101/2022.05.16.492112";"pie";"0";"0";FALSE
"10.1101/2022.05.16.492112";"violin";"0";"0";FALSE
"10.1101/2022.05.16.492138";"approp";"0";"0";FALSE
"10.1101/2022.05.16.492138";"bar";"0";"0";FALSE
"10.1101/2022.05.16.492138";"bardot";"4";"0";TRUE
"10.1101/2022.05.16.492138";"box";"2";"0";TRUE
"10.1101/2022.05.16.492138";"dot";"1";"0";TRUE
"10.1101/2022.05.16.492138";"flowno";"0";"0";FALSE
"10.1101/2022.05.16.492138";"flowyes";"0";"0";FALSE
"10.1101/2022.05.16.492138";"hist";"0";"0";FALSE
"10.1101/2022.05.16.492138";"pie";"0";"0";FALSE
"10.1101/2022.05.16.492138";"violin";"0";"0";FALSE
"10.1101/2022.05.17.22275154";"approp";"0";"1";TRUE
"10.1101/2022.05.17.22275154";"bar";"0";"0";FALSE
"10.1101/2022.05.17.22275154";"bardot";"0";"0";FALSE
"10.1101/2022.05.17.22275154";"box";"0";"0";FALSE
"10.1101/2022.05.17.22275154";"dot";"6";"6";FALSE
"10.1101/2022.05.17.22275154";"flowno";"0";"0";FALSE
"10.1101/2022.05.17.22275154";"flowyes";"0";"0";FALSE
"10.1101/2022.05.17.22275154";"hist";"0";"0";FALSE
"10.1101/2022.05.17.22275154";"pie";"0";"0";FALSE
"10.1101/2022.05.17.22275154";"violin";"0";"0";FALSE
"10.1101/2022.05.17.492198";"approp";"0";"0";FALSE
"10.1101/2022.05.17.492198";"bar";"0";"0";FALSE
"10.1101/2022.05.17.492198";"bardot";"0";"0";FALSE
"10.1101/2022.05.17.492198";"box";"0";"0";FALSE
"10.1101/2022.05.17.492198";"dot";"6";"0";TRUE
"10.1101/2022.05.17.492198";"flowno";"0";"0";FALSE
"10.1101/2022.05.17.492198";"flowyes";"0";"0";FALSE
"10.1101/2022.05.17.492198";"hist";"0";"0";FALSE
"10.1101/2022.05.17.492198";"pie";"0";"0";FALSE
"10.1101/2022.05.17.492198";"violin";"0";"0";FALSE
"10.1101/2022.05.20.492815";"approp";"1";"2";TRUE
"10.1101/2022.05.20.492815";"bar";"1";"0";TRUE
"10.1101/2022.05.20.492815";"bardot";"0";"0";FALSE
"10.1101/2022.05.20.492815";"box";"0";"0";FALSE
"10.1101/2022.05.20.492815";"dot";"0";"0";FALSE
"10.1101/2022.05.20.492815";"flowno";"0";"0";FALSE
"10.1101/2022.05.20.492815";"flowyes";"0";"0";FALSE
"10.1101/2022.05.20.492815";"hist";"1";"0";TRUE
"10.1101/2022.05.20.492815";"pie";"0";"0";FALSE
"10.1101/2022.05.20.492815";"violin";"0";"0";FALSE
"10.1101/2022.05.20.492819";"approp";"0";"0";FALSE
"10.1101/2022.05.20.492819";"bar";"0";"0";FALSE
"10.1101/2022.05.20.492819";"bardot";"0";"0";FALSE
"10.1101/2022.05.20.492819";"box";"0";"0";FALSE
"10.1101/2022.05.20.492819";"dot";"0";"0";FALSE
"10.1101/2022.05.20.492819";"flowno";"0";"0";FALSE
"10.1101/2022.05.20.492819";"flowyes";"0";"0";FALSE
"10.1101/2022.05.20.492819";"hist";"0";"0";FALSE
"10.1101/2022.05.20.492819";"pie";"0";"0";FALSE
"10.1101/2022.05.20.492819";"violin";"3";"2";TRUE
"10.1101/2022.05.20.492832";"approp";"0";"0";FALSE
"10.1101/2022.05.20.492832";"bar";"6";"0";TRUE
"10.1101/2022.05.20.492832";"bardot";"4";"0";TRUE
"10.1101/2022.05.20.492832";"box";"0";"0";FALSE
"10.1101/2022.05.20.492832";"dot";"0";"0";FALSE
"10.1101/2022.05.20.492832";"flowno";"0";"0";FALSE
"10.1101/2022.05.20.492832";"flowyes";"0";"0";FALSE
"10.1101/2022.05.20.492832";"hist";"0";"0";FALSE
"10.1101/2022.05.20.492832";"pie";"0";"0";FALSE
"10.1101/2022.05.20.492832";"violin";"0";"0";FALSE
"10.1101/2022.05.21.22275413";"approp";"0";"1";TRUE
"10.1101/2022.05.21.22275413";"bar";"1";"1";FALSE
"10.1101/2022.05.21.22275413";"bardot";"0";"0";FALSE
"10.1101/2022.05.21.22275413";"box";"0";"0";FALSE
"10.1101/2022.05.21.22275413";"dot";"0";"0";FALSE
"10.1101/2022.05.21.22275413";"flowno";"0";"0";FALSE
"10.1101/2022.05.21.22275413";"flowyes";"0";"0";FALSE
"10.1101/2022.05.21.22275413";"hist";"0";"0";FALSE
"10.1101/2022.05.21.22275413";"pie";"0";"0";FALSE
"10.1101/2022.05.21.22275413";"violin";"0";"0";FALSE
"10.1101/2022.05.21.22275420";"approp";"0";"0";FALSE
"10.1101/2022.05.21.22275420";"bar";"0";"0";FALSE
"10.1101/2022.05.21.22275420";"bardot";"0";"0";FALSE
"10.1101/2022.05.21.22275420";"box";"0";"0";FALSE
"10.1101/2022.05.21.22275420";"dot";"0";"0";FALSE
"10.1101/2022.05.21.22275420";"flowno";"1";"0";TRUE
"10.1101/2022.05.21.22275420";"flowyes";"0";"1";TRUE
"10.1101/2022.05.21.22275420";"hist";"0";"0";FALSE
"10.1101/2022.05.21.22275420";"pie";"0";"0";FALSE
"10.1101/2022.05.21.22275420";"violin";"0";"0";FALSE
"10.1101/2022.05.21.492920";"approp";"0";"0";FALSE
"10.1101/2022.05.21.492920";"bar";"1";"1";FALSE
"10.1101/2022.05.21.492920";"bardot";"1";"2";TRUE
"10.1101/2022.05.21.492920";"box";"0";"0";FALSE
"10.1101/2022.05.21.492920";"dot";"0";"0";FALSE
"10.1101/2022.05.21.492920";"flowno";"0";"0";FALSE
"10.1101/2022.05.21.492920";"flowyes";"0";"0";FALSE
"10.1101/2022.05.21.492920";"hist";"0";"0";FALSE
"10.1101/2022.05.21.492920";"pie";"0";"0";FALSE
"10.1101/2022.05.21.492920";"violin";"0";"0";FALSE
"10.1101/2022.05.22.22275423";"approp";"0";"0";FALSE
"10.1101/2022.05.22.22275423";"bar";"0";"0";FALSE
"10.1101/2022.05.22.22275423";"bardot";"0";"0";FALSE
"10.1101/2022.05.22.22275423";"box";"1";"0";TRUE
"10.1101/2022.05.22.22275423";"dot";"2";"2";FALSE
"10.1101/2022.05.22.22275423";"flowno";"0";"0";FALSE
"10.1101/2022.05.22.22275423";"flowyes";"0";"0";FALSE
"10.1101/2022.05.22.22275423";"hist";"0";"0";FALSE
"10.1101/2022.05.22.22275423";"pie";"0";"0";FALSE
"10.1101/2022.05.22.22275423";"violin";"0";"0";FALSE
"10.1101/2022.05.23.22275454";"approp";"2";"4";TRUE
"10.1101/2022.05.23.22275454";"bar";"0";"0";FALSE
"10.1101/2022.05.23.22275454";"bardot";"0";"0";FALSE
"10.1101/2022.05.23.22275454";"box";"0";"0";FALSE
"10.1101/2022.05.23.22275454";"dot";"0";"0";FALSE
"10.1101/2022.05.23.22275454";"flowno";"0";"1";TRUE
"10.1101/2022.05.23.22275454";"flowyes";"0";"0";FALSE
"10.1101/2022.05.23.22275454";"hist";"0";"0";FALSE
"10.1101/2022.05.23.22275454";"pie";"0";"0";FALSE
"10.1101/2022.05.23.22275454";"violin";"0";"0";FALSE
"10.1101/2022.05.23.493121";"approp";"2";"2";FALSE
"10.1101/2022.05.23.493121";"bar";"0";"2";TRUE
"10.1101/2022.05.23.493121";"bardot";"2";"2";FALSE
"10.1101/2022.05.23.493121";"box";"3";"1";TRUE
"10.1101/2022.05.23.493121";"dot";"11";"10";TRUE
"10.1101/2022.05.23.493121";"flowno";"0";"0";FALSE
"10.1101/2022.05.23.493121";"flowyes";"0";"0";FALSE
"10.1101/2022.05.23.493121";"hist";"1";"0";TRUE
"10.1101/2022.05.23.493121";"pie";"0";"0";FALSE
"10.1101/2022.05.23.493121";"violin";"1";"5";TRUE
"10.1101/2022.05.24.493347";"approp";"1";"1";FALSE
"10.1101/2022.05.24.493347";"bar";"2";"1";TRUE
"10.1101/2022.05.24.493347";"bardot";"2";"0";TRUE
"10.1101/2022.05.24.493347";"box";"0";"0";FALSE
"10.1101/2022.05.24.493347";"dot";"0";"0";FALSE
"10.1101/2022.05.24.493347";"flowno";"0";"0";FALSE
"10.1101/2022.05.24.493347";"flowyes";"0";"0";FALSE
"10.1101/2022.05.24.493347";"hist";"0";"0";FALSE
"10.1101/2022.05.24.493347";"pie";"1";"0";TRUE
"10.1101/2022.05.24.493347";"violin";"0";"0";FALSE
"10.1101/2022.05.25.22275586";"approp";"0";"0";FALSE
"10.1101/2022.05.25.22275586";"bar";"0";"0";FALSE
"10.1101/2022.05.25.22275586";"bardot";"0";"0";FALSE
"10.1101/2022.05.25.22275586";"box";"0";"0";FALSE
"10.1101/2022.05.25.22275586";"dot";"0";"0";FALSE
"10.1101/2022.05.25.22275586";"flowno";"0";"0";FALSE
"10.1101/2022.05.25.22275586";"flowyes";"1";"0";TRUE
"10.1101/2022.05.25.22275586";"hist";"0";"0";FALSE
"10.1101/2022.05.25.22275586";"pie";"0";"0";FALSE
"10.1101/2022.05.25.22275586";"violin";"0";"0";FALSE
"10.1101/2022.05.26.22275279";"approp";"0";"0";FALSE
"10.1101/2022.05.26.22275279";"bar";"0";"0";FALSE
"10.1101/2022.05.26.22275279";"bardot";"0";"0";FALSE
"10.1101/2022.05.26.22275279";"box";"0";"0";FALSE
"10.1101/2022.05.26.22275279";"dot";"0";"0";FALSE
"10.1101/2022.05.26.22275279";"flowno";"0";"0";FALSE
"10.1101/2022.05.26.22275279";"flowyes";"0";"0";FALSE
"10.1101/2022.05.26.22275279";"hist";"2";"1";TRUE
"10.1101/2022.05.26.22275279";"pie";"0";"0";FALSE
"10.1101/2022.05.26.22275279";"violin";"0";"0";FALSE
"10.1101/2022.05.26.22275631";"approp";"2";"0";TRUE
"10.1101/2022.05.26.22275631";"bar";"0";"0";FALSE
"10.1101/2022.05.26.22275631";"bardot";"0";"0";FALSE
"10.1101/2022.05.26.22275631";"box";"0";"0";FALSE
"10.1101/2022.05.26.22275631";"dot";"0";"0";FALSE
"10.1101/2022.05.26.22275631";"flowno";"0";"0";FALSE
"10.1101/2022.05.26.22275631";"flowyes";"1";"0";TRUE
"10.1101/2022.05.26.22275631";"hist";"0";"0";FALSE
"10.1101/2022.05.26.22275631";"pie";"0";"0";FALSE
"10.1101/2022.05.26.22275631";"violin";"0";"0";FALSE
"10.1101/2022.05.27.22275673";"approp";"0";"0";FALSE
"10.1101/2022.05.27.22275673";"bar";"0";"0";FALSE
"10.1101/2022.05.27.22275673";"bardot";"0";"0";FALSE
"10.1101/2022.05.27.22275673";"box";"4";"1";TRUE
"10.1101/2022.05.27.22275673";"dot";"7";"1";TRUE
"10.1101/2022.05.27.22275673";"flowno";"0";"0";FALSE
"10.1101/2022.05.27.22275673";"flowyes";"0";"0";FALSE
"10.1101/2022.05.27.22275673";"hist";"0";"0";FALSE
"10.1101/2022.05.27.22275673";"pie";"0";"0";FALSE
"10.1101/2022.05.27.22275673";"violin";"2";"0";TRUE
"10.1101/2022.05.27.493400";"approp";"0";"0";FALSE
"10.1101/2022.05.27.493400";"bar";"1";"0";TRUE
"10.1101/2022.05.27.493400";"bardot";"0";"0";FALSE
"10.1101/2022.05.27.493400";"box";"0";"0";FALSE
"10.1101/2022.05.27.493400";"dot";"0";"0";FALSE
"10.1101/2022.05.27.493400";"flowno";"0";"0";FALSE
"10.1101/2022.05.27.493400";"flowyes";"0";"0";FALSE
"10.1101/2022.05.27.493400";"hist";"1";"0";TRUE
"10.1101/2022.05.27.493400";"pie";"0";"0";FALSE
"10.1101/2022.05.27.493400";"violin";"0";"0";FALSE
"10.1101/2022.05.27.493795";"approp";"0";"0";FALSE
"10.1101/2022.05.27.493795";"bar";"1";"1";FALSE
"10.1101/2022.05.27.493795";"bardot";"0";"0";FALSE
"10.1101/2022.05.27.493795";"box";"0";"0";FALSE
"10.1101/2022.05.27.493795";"dot";"0";"1";TRUE
"10.1101/2022.05.27.493795";"flowno";"0";"0";FALSE
"10.1101/2022.05.27.493795";"flowyes";"0";"0";FALSE
"10.1101/2022.05.27.493795";"hist";"0";"0";FALSE
"10.1101/2022.05.27.493795";"pie";"0";"0";FALSE
"10.1101/2022.05.27.493795";"violin";"0";"0";FALSE
"10.1101/2022.05.28.22275432";"approp";"0";"0";FALSE
"10.1101/2022.05.28.22275432";"bar";"0";"0";FALSE
"10.1101/2022.05.28.22275432";"bardot";"0";"0";FALSE
"10.1101/2022.05.28.22275432";"box";"1";"4";TRUE
"10.1101/2022.05.28.22275432";"dot";"0";"1";TRUE
"10.1101/2022.05.28.22275432";"flowno";"0";"0";FALSE
"10.1101/2022.05.28.22275432";"flowyes";"0";"0";FALSE
"10.1101/2022.05.28.22275432";"hist";"0";"0";FALSE
"10.1101/2022.05.28.22275432";"pie";"0";"0";FALSE
"10.1101/2022.05.28.22275432";"violin";"0";"0";FALSE
"10.1101/2022.05.29.493850";"approp";"0";"0";FALSE
"10.1101/2022.05.29.493850";"bar";"1";"2";TRUE
"10.1101/2022.05.29.493850";"bardot";"1";"0";TRUE
"10.1101/2022.05.29.493850";"box";"1";"0";TRUE
"10.1101/2022.05.29.493850";"dot";"0";"0";FALSE
"10.1101/2022.05.29.493850";"flowno";"0";"0";FALSE
"10.1101/2022.05.29.493850";"flowyes";"0";"0";FALSE
"10.1101/2022.05.29.493850";"hist";"6";"6";FALSE
"10.1101/2022.05.29.493850";"pie";"0";"0";FALSE
"10.1101/2022.05.29.493850";"violin";"0";"0";FALSE
"10.1101/2022.05.30.494036";"approp";"1";"0";TRUE
"10.1101/2022.05.30.494036";"bar";"0";"0";FALSE
"10.1101/2022.05.30.494036";"bardot";"0";"0";FALSE
"10.1101/2022.05.30.494036";"box";"0";"0";FALSE
"10.1101/2022.05.30.494036";"dot";"0";"0";FALSE
"10.1101/2022.05.30.494036";"flowno";"0";"0";FALSE
"10.1101/2022.05.30.494036";"flowyes";"0";"0";FALSE
"10.1101/2022.05.30.494036";"hist";"0";"0";FALSE
"10.1101/2022.05.30.494036";"pie";"0";"0";FALSE
"10.1101/2022.05.30.494036";"violin";"0";"0";FALSE
"10.1101/2022.05.31.494162";"approp";"0";"1";TRUE
"10.1101/2022.05.31.494162";"bar";"0";"1";TRUE
"10.1101/2022.05.31.494162";"bardot";"0";"0";FALSE
"10.1101/2022.05.31.494162";"box";"3";"2";TRUE
"10.1101/2022.05.31.494162";"dot";"2";"2";FALSE
"10.1101/2022.05.31.494162";"flowno";"0";"0";FALSE
"10.1101/2022.05.31.494162";"flowyes";"0";"0";FALSE
"10.1101/2022.05.31.494162";"hist";"0";"0";FALSE
"10.1101/2022.05.31.494162";"pie";"0";"0";FALSE
"10.1101/2022.05.31.494162";"violin";"0";"0";FALSE
"10.1101/2022.05.31.494211";"approp";"0";"0";FALSE
"10.1101/2022.05.31.494211";"bar";"0";"0";FALSE
"10.1101/2022.05.31.494211";"bardot";"6";"4";TRUE
"10.1101/2022.05.31.494211";"box";"1";"0";TRUE
"10.1101/2022.05.31.494211";"dot";"0";"0";FALSE
"10.1101/2022.05.31.494211";"flowno";"0";"0";FALSE
"10.1101/2022.05.31.494211";"flowyes";"0";"0";FALSE
"10.1101/2022.05.31.494211";"hist";"0";"0";FALSE
"10.1101/2022.05.31.494211";"pie";"0";"0";FALSE
"10.1101/2022.05.31.494211";"violin";"0";"0";FALSE
"10.1101/2022.06.01.22275778";"approp";"1";"1";FALSE
"10.1101/2022.06.01.22275778";"bar";"0";"0";FALSE
"10.1101/2022.06.01.22275778";"bardot";"0";"0";FALSE
"10.1101/2022.06.01.22275778";"box";"0";"0";FALSE
"10.1101/2022.06.01.22275778";"dot";"0";"0";FALSE
"10.1101/2022.06.01.22275778";"flowno";"0";"0";FALSE
"10.1101/2022.06.01.22275778";"flowyes";"2";"0";TRUE
"10.1101/2022.06.01.22275778";"hist";"0";"0";FALSE
"10.1101/2022.06.01.22275778";"pie";"0";"0";FALSE
"10.1101/2022.06.01.22275778";"violin";"0";"0";FALSE
"10.1101/2022.06.01.494373";"approp";"2";"0";TRUE
"10.1101/2022.06.01.494373";"bar";"0";"0";FALSE
"10.1101/2022.06.01.494373";"bardot";"0";"0";FALSE
"10.1101/2022.06.01.494373";"box";"3";"2";TRUE
"10.1101/2022.06.01.494373";"dot";"3";"1";TRUE
"10.1101/2022.06.01.494373";"flowno";"0";"0";FALSE
"10.1101/2022.06.01.494373";"flowyes";"0";"0";FALSE
"10.1101/2022.06.01.494373";"hist";"0";"0";FALSE
"10.1101/2022.06.01.494373";"pie";"0";"1";TRUE
"10.1101/2022.06.01.494373";"violin";"3";"0";TRUE
"10.1101/2022.06.01.494461";"approp";"0";"0";FALSE
"10.1101/2022.06.01.494461";"bar";"0";"0";FALSE
"10.1101/2022.06.01.494461";"bardot";"3";"2";TRUE
"10.1101/2022.06.01.494461";"box";"0";"0";FALSE
"10.1101/2022.06.01.494461";"dot";"5";"5";FALSE
"10.1101/2022.06.01.494461";"flowno";"0";"0";FALSE
"10.1101/2022.06.01.494461";"flowyes";"0";"0";FALSE
"10.1101/2022.06.01.494461";"hist";"0";"0";FALSE
"10.1101/2022.06.01.494461";"pie";"0";"0";FALSE
"10.1101/2022.06.01.494461";"violin";"0";"0";FALSE
"10.1101/2022.06.02.22275926";"approp";"0";"1";TRUE
"10.1101/2022.06.02.22275926";"bar";"1";"0";TRUE
"10.1101/2022.06.02.22275926";"bardot";"0";"0";FALSE
"10.1101/2022.06.02.22275926";"box";"0";"0";FALSE
"10.1101/2022.06.02.22275926";"dot";"0";"0";FALSE
"10.1101/2022.06.02.22275926";"flowno";"0";"0";FALSE
"10.1101/2022.06.02.22275926";"flowyes";"0";"0";FALSE
"10.1101/2022.06.02.22275926";"hist";"0";"0";FALSE
"10.1101/2022.06.02.22275926";"pie";"0";"0";FALSE
"10.1101/2022.06.02.22275926";"violin";"0";"0";FALSE
"10.1101/2022.06.02.494567";"approp";"0";"0";FALSE
"10.1101/2022.06.02.494567";"bar";"0";"0";FALSE
"10.1101/2022.06.02.494567";"bardot";"0";"0";FALSE
"10.1101/2022.06.02.494567";"box";"2";"0";TRUE
"10.1101/2022.06.02.494567";"dot";"0";"0";FALSE
"10.1101/2022.06.02.494567";"flowno";"0";"0";FALSE
"10.1101/2022.06.02.494567";"flowyes";"0";"0";FALSE
"10.1101/2022.06.02.494567";"hist";"1";"1";FALSE
"10.1101/2022.06.02.494567";"pie";"0";"0";FALSE
"10.1101/2022.06.02.494567";"violin";"0";"0";FALSE
"10.1101/2022.06.03.22275903";"approp";"0";"0";FALSE
"10.1101/2022.06.03.22275903";"bar";"0";"0";FALSE
"10.1101/2022.06.03.22275903";"bardot";"0";"0";FALSE
"10.1101/2022.06.03.22275903";"box";"1";"0";TRUE
"10.1101/2022.06.03.22275903";"dot";"0";"0";FALSE
"10.1101/2022.06.03.22275903";"flowno";"0";"0";FALSE
"10.1101/2022.06.03.22275903";"flowyes";"0";"0";FALSE
"10.1101/2022.06.03.22275903";"hist";"0";"0";FALSE
"10.1101/2022.06.03.22275903";"pie";"0";"0";FALSE
"10.1101/2022.06.03.22275903";"violin";"2";"2";FALSE
"10.1101/2022.06.03.494642";"approp";"3";"0";TRUE
"10.1101/2022.06.03.494642";"bar";"0";"0";FALSE
"10.1101/2022.06.03.494642";"bardot";"0";"0";FALSE
"10.1101/2022.06.03.494642";"box";"0";"0";FALSE
"10.1101/2022.06.03.494642";"dot";"0";"1";TRUE
"10.1101/2022.06.03.494642";"flowno";"0";"0";FALSE
"10.1101/2022.06.03.494642";"flowyes";"0";"0";FALSE
"10.1101/2022.06.03.494642";"hist";"1";"0";TRUE
"10.1101/2022.06.03.494642";"pie";"1";"0";TRUE
"10.1101/2022.06.03.494642";"violin";"0";"0";FALSE
"10.1101/2022.06.05.493249";"approp";"0";"0";FALSE
"10.1101/2022.06.05.493249";"bar";"3";"3";FALSE
"10.1101/2022.06.05.493249";"bardot";"0";"0";FALSE
"10.1101/2022.06.05.493249";"box";"0";"0";FALSE
"10.1101/2022.06.05.493249";"dot";"1";"0";TRUE
"10.1101/2022.06.05.493249";"flowno";"0";"0";FALSE
"10.1101/2022.06.05.493249";"flowyes";"0";"0";FALSE
"10.1101/2022.06.05.493249";"hist";"0";"0";FALSE
"10.1101/2022.06.05.493249";"pie";"0";"0";FALSE
"10.1101/2022.06.05.493249";"violin";"0";"0";FALSE
"10.1101/2022.06.05.494856";"approp";"0";"0";FALSE
"10.1101/2022.06.05.494856";"bar";"0";"0";FALSE
"10.1101/2022.06.05.494856";"bardot";"0";"0";FALSE
"10.1101/2022.06.05.494856";"box";"0";"0";FALSE
"10.1101/2022.06.05.494856";"dot";"0";"0";FALSE
"10.1101/2022.06.05.494856";"flowno";"0";"0";FALSE
"10.1101/2022.06.05.494856";"flowyes";"0";"0";FALSE
"10.1101/2022.06.05.494856";"hist";"1";"0";TRUE
"10.1101/2022.06.05.494856";"pie";"0";"0";FALSE
"10.1101/2022.06.05.494856";"violin";"1";"0";TRUE
"10.1101/2022.06.06.22275865";"approp";"0";"0";FALSE
"10.1101/2022.06.06.22275865";"bar";"0";"0";FALSE
"10.1101/2022.06.06.22275865";"bardot";"1";"0";TRUE
"10.1101/2022.06.06.22275865";"box";"1";"0";TRUE
"10.1101/2022.06.06.22275865";"dot";"12";"2";TRUE
"10.1101/2022.06.06.22275865";"flowno";"0";"0";FALSE
"10.1101/2022.06.06.22275865";"flowyes";"0";"0";FALSE
"10.1101/2022.06.06.22275865";"hist";"0";"0";FALSE
"10.1101/2022.06.06.22275865";"pie";"0";"0";FALSE
"10.1101/2022.06.06.22275865";"violin";"4";"1";TRUE
"10.1101/2022.06.06.22276032";"approp";"0";"0";FALSE
"10.1101/2022.06.06.22276032";"bar";"0";"0";FALSE
"10.1101/2022.06.06.22276032";"bardot";"0";"0";FALSE
"10.1101/2022.06.06.22276032";"box";"0";"0";FALSE
"10.1101/2022.06.06.22276032";"dot";"0";"0";FALSE
"10.1101/2022.06.06.22276032";"flowno";"0";"0";FALSE
"10.1101/2022.06.06.22276032";"flowyes";"0";"0";FALSE
"10.1101/2022.06.06.22276032";"hist";"1";"0";TRUE
"10.1101/2022.06.06.22276032";"pie";"0";"0";FALSE
"10.1101/2022.06.06.22276032";"violin";"0";"0";FALSE
"10.1101/2022.06.06.494494";"approp";"0";"0";FALSE
"10.1101/2022.06.06.494494";"bar";"2";"0";TRUE
"10.1101/2022.06.06.494494";"bardot";"3";"0";TRUE
"10.1101/2022.06.06.494494";"box";"0";"0";FALSE
"10.1101/2022.06.06.494494";"dot";"0";"0";FALSE
"10.1101/2022.06.06.494494";"flowno";"0";"0";FALSE
"10.1101/2022.06.06.494494";"flowyes";"0";"0";FALSE
"10.1101/2022.06.06.494494";"hist";"0";"0";FALSE
"10.1101/2022.06.06.494494";"pie";"0";"0";FALSE
"10.1101/2022.06.06.494494";"violin";"0";"0";FALSE
"10.1101/2022.06.07.22275493";"approp";"1";"0";TRUE
"10.1101/2022.06.07.22275493";"bar";"0";"0";FALSE
"10.1101/2022.06.07.22275493";"bardot";"0";"0";FALSE
"10.1101/2022.06.07.22275493";"box";"0";"0";FALSE
"10.1101/2022.06.07.22275493";"dot";"0";"0";FALSE
"10.1101/2022.06.07.22275493";"flowno";"0";"0";FALSE
"10.1101/2022.06.07.22275493";"flowyes";"0";"0";FALSE
"10.1101/2022.06.07.22275493";"hist";"0";"0";FALSE
"10.1101/2022.06.07.22275493";"pie";"0";"0";FALSE
"10.1101/2022.06.07.22275493";"violin";"0";"0";FALSE
"10.1101/2022.06.07.22276055";"approp";"1";"0";TRUE
"10.1101/2022.06.07.22276055";"bar";"0";"0";FALSE
"10.1101/2022.06.07.22276055";"bardot";"0";"0";FALSE
"10.1101/2022.06.07.22276055";"box";"0";"0";FALSE
"10.1101/2022.06.07.22276055";"dot";"0";"1";TRUE
"10.1101/2022.06.07.22276055";"flowno";"0";"1";TRUE
"10.1101/2022.06.07.22276055";"flowyes";"0";"0";FALSE
"10.1101/2022.06.07.22276055";"hist";"0";"0";FALSE
"10.1101/2022.06.07.22276055";"pie";"0";"0";FALSE
"10.1101/2022.06.07.22276055";"violin";"0";"0";FALSE
"10.1101/2022.06.07.22276117";"approp";"1";"0";TRUE
"10.1101/2022.06.07.22276117";"bar";"0";"2";TRUE
"10.1101/2022.06.07.22276117";"bardot";"0";"0";FALSE
"10.1101/2022.06.07.22276117";"box";"1";"1";FALSE
"10.1101/2022.06.07.22276117";"dot";"0";"1";TRUE
"10.1101/2022.06.07.22276117";"flowno";"0";"0";FALSE
"10.1101/2022.06.07.22276117";"flowyes";"0";"0";FALSE
"10.1101/2022.06.07.22276117";"hist";"0";"0";FALSE
"10.1101/2022.06.07.22276117";"pie";"0";"0";FALSE
"10.1101/2022.06.07.22276117";"violin";"0";"0";FALSE
"10.1101/2022.06.08.22276125";"approp";"0";"0";FALSE
"10.1101/2022.06.08.22276125";"bar";"0";"0";FALSE
"10.1101/2022.06.08.22276125";"bardot";"0";"0";FALSE
"10.1101/2022.06.08.22276125";"box";"0";"0";FALSE
"10.1101/2022.06.08.22276125";"dot";"2";"0";TRUE
"10.1101/2022.06.08.22276125";"flowno";"0";"0";FALSE
"10.1101/2022.06.08.22276125";"flowyes";"1";"1";FALSE
"10.1101/2022.06.08.22276125";"hist";"0";"0";FALSE
"10.1101/2022.06.08.22276125";"pie";"0";"0";FALSE
"10.1101/2022.06.08.22276125";"violin";"0";"0";FALSE
"10.1101/2022.06.09.495472";"approp";"0";"0";FALSE
"10.1101/2022.06.09.495472";"bar";"5";"9";TRUE
"10.1101/2022.06.09.495472";"bardot";"5";"28";TRUE
"10.1101/2022.06.09.495472";"box";"6";"6";FALSE
"10.1101/2022.06.09.495472";"dot";"4";"7";TRUE
"10.1101/2022.06.09.495472";"flowno";"0";"5";TRUE
"10.1101/2022.06.09.495472";"flowyes";"0";"0";FALSE
"10.1101/2022.06.09.495472";"hist";"3";"6";TRUE
"10.1101/2022.06.09.495472";"pie";"0";"0";FALSE
"10.1101/2022.06.09.495472";"violin";"0";"0";FALSE
"10.1101/2022.06.12.22276299";"approp";"0";"0";FALSE
"10.1101/2022.06.12.22276299";"bar";"0";"0";FALSE
"10.1101/2022.06.12.22276299";"bardot";"0";"0";FALSE
"10.1101/2022.06.12.22276299";"box";"0";"0";FALSE
"10.1101/2022.06.12.22276299";"dot";"0";"0";FALSE
"10.1101/2022.06.12.22276299";"flowno";"0";"0";FALSE
"10.1101/2022.06.12.22276299";"flowyes";"1";"0";TRUE
"10.1101/2022.06.12.22276299";"hist";"0";"0";FALSE
"10.1101/2022.06.12.22276299";"pie";"0";"0";FALSE
"10.1101/2022.06.12.22276299";"violin";"0";"0";FALSE
"10.1101/2022.06.14.496062";"approp";"0";"0";FALSE
"10.1101/2022.06.14.496062";"bar";"0";"0";FALSE
"10.1101/2022.06.14.496062";"bardot";"0";"0";FALSE
"10.1101/2022.06.14.496062";"box";"1";"0";TRUE
"10.1101/2022.06.14.496062";"dot";"6";"7";TRUE
"10.1101/2022.06.14.496062";"flowno";"0";"0";FALSE
"10.1101/2022.06.14.496062";"flowyes";"0";"0";FALSE
"10.1101/2022.06.14.496062";"hist";"0";"0";FALSE
"10.1101/2022.06.14.496062";"pie";"1";"1";FALSE
"10.1101/2022.06.14.496062";"violin";"0";"0";FALSE
"10.1101/2022.06.14.496214";"approp";"0";"0";FALSE
"10.1101/2022.06.14.496214";"bar";"0";"0";FALSE
"10.1101/2022.06.14.496214";"bardot";"17";"16";TRUE
"10.1101/2022.06.14.496214";"box";"1";"0";TRUE
"10.1101/2022.06.14.496214";"dot";"1";"1";FALSE
"10.1101/2022.06.14.496214";"flowno";"0";"0";FALSE
"10.1101/2022.06.14.496214";"flowyes";"0";"0";FALSE
"10.1101/2022.06.14.496214";"hist";"0";"0";FALSE
"10.1101/2022.06.14.496214";"pie";"0";"0";FALSE
"10.1101/2022.06.14.496214";"violin";"0";"0";FALSE
"10.1101/2022.06.15.496220";"approp";"0";"0";FALSE
"10.1101/2022.06.15.496220";"bar";"0";"0";FALSE
"10.1101/2022.06.15.496220";"bardot";"5";"4";TRUE
"10.1101/2022.06.15.496220";"box";"0";"0";FALSE
"10.1101/2022.06.15.496220";"dot";"1";"0";TRUE
"10.1101/2022.06.15.496220";"flowno";"0";"0";FALSE
"10.1101/2022.06.15.496220";"flowyes";"0";"0";FALSE
"10.1101/2022.06.15.496220";"hist";"0";"0";FALSE
"10.1101/2022.06.15.496220";"pie";"0";"0";FALSE
"10.1101/2022.06.15.496220";"violin";"0";"0";FALSE
"10.1101/2022.06.17.22276576";"approp";"0";"0";FALSE
"10.1101/2022.06.17.22276576";"bar";"0";"0";FALSE
"10.1101/2022.06.17.22276576";"bardot";"0";"0";FALSE
"10.1101/2022.06.17.22276576";"box";"0";"0";FALSE
"10.1101/2022.06.17.22276576";"dot";"0";"0";FALSE
"10.1101/2022.06.17.22276576";"flowno";"0";"0";FALSE
"10.1101/2022.06.17.22276576";"flowyes";"0";"0";FALSE
"10.1101/2022.06.17.22276576";"hist";"0";"0";FALSE
"10.1101/2022.06.17.22276576";"pie";"1";"0";TRUE
"10.1101/2022.06.17.22276576";"violin";"0";"0";FALSE
"10.1101/2022.06.20.22276645";"approp";"0";"0";FALSE
"10.1101/2022.06.20.22276645";"bar";"0";"0";FALSE
"10.1101/2022.06.20.22276645";"bardot";"0";"0";FALSE
"10.1101/2022.06.20.22276645";"box";"0";"0";FALSE
"10.1101/2022.06.20.22276645";"dot";"0";"0";FALSE
"10.1101/2022.06.20.22276645";"flowno";"0";"0";FALSE
"10.1101/2022.06.20.22276645";"flowyes";"1";"0";TRUE
"10.1101/2022.06.20.22276645";"hist";"0";"0";FALSE
"10.1101/2022.06.20.22276645";"pie";"0";"0";FALSE
"10.1101/2022.06.20.22276645";"violin";"0";"0";FALSE
"10.1101/2022.06.24.22276144";"approp";"0";"0";FALSE
"10.1101/2022.06.24.22276144";"bar";"0";"0";FALSE
"10.1101/2022.06.24.22276144";"bardot";"0";"0";FALSE
"10.1101/2022.06.24.22276144";"box";"0";"0";FALSE
"10.1101/2022.06.24.22276144";"dot";"0";"0";FALSE
"10.1101/2022.06.24.22276144";"flowno";"0";"0";FALSE
"10.1101/2022.06.24.22276144";"flowyes";"0";"0";FALSE
"10.1101/2022.06.24.22276144";"hist";"0";"0";FALSE
"10.1101/2022.06.24.22276144";"pie";"0";"0";FALSE
"10.1101/2022.06.24.22276144";"violin";"3";"2";TRUE
"10.1101/2022.06.27.497248";"approp";"0";"0";FALSE
"10.1101/2022.06.27.497248";"bar";"0";"0";FALSE
"10.1101/2022.06.27.497248";"bardot";"0";"0";FALSE
"10.1101/2022.06.27.497248";"box";"0";"0";FALSE
"10.1101/2022.06.27.497248";"dot";"10";"0";TRUE
"10.1101/2022.06.27.497248";"flowno";"0";"1";TRUE
"10.1101/2022.06.27.497248";"flowyes";"0";"0";FALSE
"10.1101/2022.06.27.497248";"hist";"0";"0";FALSE
"10.1101/2022.06.27.497248";"pie";"2";"0";TRUE
"10.1101/2022.06.27.497248";"violin";"0";"0";FALSE
"10.1101/2022.06.29.22277065";"approp";"2";"0";TRUE
"10.1101/2022.06.29.22277065";"bar";"0";"0";FALSE
"10.1101/2022.06.29.22277065";"bardot";"0";"0";FALSE
"10.1101/2022.06.29.22277065";"box";"0";"0";FALSE
"10.1101/2022.06.29.22277065";"dot";"0";"0";FALSE
"10.1101/2022.06.29.22277065";"flowno";"0";"0";FALSE
"10.1101/2022.06.29.22277065";"flowyes";"0";"0";FALSE
"10.1101/2022.06.29.22277065";"hist";"0";"0";FALSE
"10.1101/2022.06.29.22277065";"pie";"0";"0";FALSE
"10.1101/2022.06.29.22277065";"violin";"0";"0";FALSE
"10.1101/2022.06.29.498191";"approp";"1";"1";FALSE
"10.1101/2022.06.29.498191";"bar";"5";"4";TRUE
"10.1101/2022.06.29.498191";"bardot";"0";"0";FALSE
"10.1101/2022.06.29.498191";"box";"0";"0";FALSE
"10.1101/2022.06.29.498191";"dot";"2";"2";FALSE
"10.1101/2022.06.29.498191";"flowno";"0";"0";FALSE
"10.1101/2022.06.29.498191";"flowyes";"0";"0";FALSE
"10.1101/2022.06.29.498191";"hist";"0";"0";FALSE
"10.1101/2022.06.29.498191";"pie";"0";"0";FALSE
"10.1101/2022.06.29.498191";"violin";"0";"0";FALSE
